<application>
  <component name="FileTypeManager" version="19">
    <extensionMap>
      <mapping pattern="mcp.json" type="JSON5" />
      <removed_mapping ext="postman_collection" approved="true" type="JSON" />
      <removed_mapping ext="postman_collection.json" approved="true" type="JSON" />
      <removed_mapping ext="postman_environment" approved="true" type="JSON" />
      <removed_mapping ext="postman_environment.json" approved="true" type="JSON" />
      <removed_mapping pattern="Kptfile" approved="true" type="YAML" />
    </extensionMap>
  </component>
</application>