<application>
  <component name="FindSettings">
    <option name="customScope" value="All Places" />
    <option name="defaultScopeName" value="All Places" />
    <option name="localRegularExpressions" value="true" />
    <option name="regularExpressions" value="true" />
    <option name="REGULAR_EXPRESSIONS" value="true" />
    <option name="LOCAL_REGULAR_EXPRESSIONS" value="true" />
    <option name="SEARCH_SCOPE" value="All Places" />
    <mask>*.css</mask>
    <mask>*.xml</mask>
    <mask>*.htm</mask>
    <mask>*.sht</mask>
    <mask>*.shtm</mask>
    <mask>*.shtml</mask>
    <mask>*.html</mask>
    <mask>*.mts</mask>
    <mask>*.ats</mask>
    <mask>*.cts</mask>
    <mask>*.ts</mask>
    <mask>*.cjs</mask>
    <mask>*.mjs</mask>
    <mask>*.es6</mask>
    <mask>*.js</mask>
  </component>
</application>