<application>
  <component name="GeneralSettings">
    <option name="reopenLastProject" value="false" />
    <option name="autoSaveFiles" value="false" />
    <option name="confirmExit" value="false" />
    <option name="confirmOpenNewProject2" value="0" />
    <option name="processCloseConfirmation" value="TERMINATE" />
  </component>
  <component name="Registry">
    <entry key="moved.to.new.ui" value="true" source="SYSTEM" />
    <entry key="ide.experimental.ui" value="true" source="SYSTEM" />
    <entry key="llm.rules.refresh.interval" value="10" source="MANAGER" />
    <entry key="llm.selector.config.refresh.interval" value="10" source="MANAGER" />
    <entry key="editor.distraction.free.mode" value="true" source="SYSTEM" />
    <entry key="completion.cloud.adaptive.debounce.is.active" value="true" source="SYSTEM" />
  </component>
</application>