<application>
  <component name="BlockTerminalUsage">
    <option name="blockTerminalUsedLastTimeMillis" value="1748623116109" />
    <option name="blockTerminalUsedLastVersion" value="251.23774.424" />
    <option name="feedbackNotificationShown" value="true" />
    <shellToExecutedCommandsNumber>
      <entry key="zsh" value="213" />
    </shellToExecutedCommandsNumber>
  </component>
  <component name="ReworkedTerminalUsage">{}</component>
  <component name="TerminalOptionsProvider">
    <option name="terminalEngine" value="NEW_TERMINAL" />
  </component>
  <component name="TextToCommandPromptsHistory">
    <option name="history">
      <option value="gen lates nextjs" />
      <option value="show git user" />
      <option value="change git user email to khotei.vi@gmail.com" />
      <option value="squash 2 last commits" />
      <option value="run prettier for current dir" />
      <option value="error: src refspec main does not match any" />
      <option value="git amend" />
      <option value="install lastest pnpm version with homebrew" />
      <option value="use pnpm 9" />
      <option value="use pnpm 9" />
      <option value="use pnpm 9" />
      <option value="use pnpm 9" />
      <option value="use pnpm 9" />
      <option value="AWS_PROFILE=prod pnpm @flx/dataApi codegen" />
      <option value="bun install lodash zod date-fns" />
      <option value="bun install dev  @types/lodash" />
      <option value="bunx jsr add @neon/serverless" />
      <option value="bunx jsr add @neon/serverless" />
      <option value="bunx jsr add @neon/serverless" />
      <option value="check if inside any folder not in node_modules exists .git folder" />
      <option value="squash last 2 commits" />
      <option value="bunx husky init" />
      <option value="uninstall bun" />
      <option value="install bun 1.2" />
      <option value="kill on port 3000" />
      <option value="clean bun cache" />
      <option value="clean bun cache" />
    </option>
  </component>
</application>