<application>
  <component name="DimensionService">
    <location key="find.popup.0.0.3456.2234@240dpi" x="388" y="204" />
    <size key="find.popup.0.0.3456.2234@240dpi" width="2606" height="1764" />
  </component>
  <component name="WindowManager">
    <frame x="10" y="48" width="1708" height="1059" />
  </component>
  <component name="WindowStateApplicationService">
    <state width="1010" height="587" key="ShowUsagesActions.dimensionServiceKey" timestamp="1764334571011">
      <screen x="0" y="38" width="1728" height="1079" />
    </state>
    <state width="1010" height="587" key="ShowUsagesActions.dimensionServiceKey/0.38.1728.1079" timestamp="1764334571011" />
  </component>
</application>