<application>
  <component name="DimensionService">
    <location key="find.popup.0.0.3024.1964@240dpi" x="254" y="134" />
    <location key="find.popup.0.0.6016.3384@288dpi" x="506" y="178" />
    <location key="find.popup.0.0.3024.1964@288dpi" x="254" y="134" />
    <size key="GridCell.Tab.0.left.0.0.6016.3384@192dpi" width="5956" height="1010" />
    <size key="GridCell.Tab.0.center.0.0.6016.3384@192dpi" width="5956" height="1010" />
    <size key="GridCell.Tab.0.right.0.0.6016.3384@192dpi" width="5956" height="1010" />
    <size key="GridCell.Tab.0.bottom.0.0.6016.3384@192dpi" width="5956" height="1010" />
    <size key="GridCell.Tab.0.left.0.0.3024.1964@240dpi" width="2976" height="634" />
    <size key="GridCell.Tab.0.center.0.0.3024.1964@240dpi" width="2976" height="634" />
    <size key="GridCell.Tab.0.right.0.0.3024.1964@240dpi" width="2976" height="634" />
    <size key="GridCell.Tab.0.bottom.0.0.3024.1964@240dpi" width="2976" height="634" />
    <size key="find.popup.0.0.3024.1964@240dpi" width="2286" height="1560" />
    <size key="GridCell.Tab.0.left.0.0.6016.3384@240dpi" width="5984" height="1198" />
    <size key="GridCell.Tab.0.center.0.0.6016.3384@240dpi" width="5984" height="1198" />
    <size key="GridCell.Tab.0.right.0.0.6016.3384@240dpi" width="5984" height="1198" />
    <size key="GridCell.Tab.0.bottom.0.0.6016.3384@240dpi" width="5984" height="1198" />
    <size key="GridCell.Tab.0.left.0.0.6016.3384@288dpi" width="5964" height="1492" />
    <size key="GridCell.Tab.0.center.0.0.6016.3384@288dpi" width="5964" height="1492" />
    <size key="GridCell.Tab.0.right.0.0.6016.3384@288dpi" width="5964" height="1492" />
    <size key="GridCell.Tab.0.bottom.0.0.6016.3384@288dpi" width="5964" height="1492" />
    <size key="find.popup.0.0.6016.3384@288dpi" width="4548" height="2734" />
    <size key="GridCell.Tab.1.left.0.0.6016.3384@288dpi" width="5964" height="1194" />
    <size key="GridCell.Tab.1.center.0.0.6016.3384@288dpi" width="5964" height="1194" />
    <size key="GridCell.Tab.1.right.0.0.6016.3384@288dpi" width="5964" height="1194" />
    <size key="GridCell.Tab.1.bottom.0.0.6016.3384@288dpi" width="5964" height="1194" />
    <size key="GridCell.Tab.2.left.0.0.6016.3384@288dpi" width="5964" height="1194" />
    <size key="GridCell.Tab.2.center.0.0.6016.3384@288dpi" width="5964" height="1194" />
    <size key="GridCell.Tab.2.right.0.0.6016.3384@288dpi" width="5964" height="1194" />
    <size key="GridCell.Tab.2.bottom.0.0.6016.3384@288dpi" width="5964" height="1194" />
    <size key="GridCell.Tab.3.left.0.0.6016.3384@288dpi" width="5964" height="1194" />
    <size key="GridCell.Tab.3.center.0.0.6016.3384@288dpi" width="5964" height="1194" />
    <size key="GridCell.Tab.3.right.0.0.6016.3384@288dpi" width="5964" height="1194" />
    <size key="GridCell.Tab.3.bottom.0.0.6016.3384@288dpi" width="5964" height="1194" />
    <size key="GridCell.Tab.0.left.0.0.3024.1964@288dpi" width="2972" height="884" />
    <size key="GridCell.Tab.0.center.0.0.3024.1964@288dpi" width="2972" height="884" />
    <size key="GridCell.Tab.0.right.0.0.3024.1964@288dpi" width="2972" height="884" />
    <size key="GridCell.Tab.0.bottom.0.0.3024.1964@288dpi" width="2972" height="884" />
    <size key="find.popup.0.0.3024.1964@288dpi" width="2286" height="1560" />
  </component>
  <component name="WindowManager">
    <frame x="8" y="42" width="1496" height="932" />
  </component>
  <component name="WindowStateApplicationService">
    <state width="1017" height="175" key="ShowUsagesActions.dimensionServiceKey" timestamp="1765881106839">
      <screen x="0" y="34" width="1512" height="948" />
    </state>
    <state width="1062" height="495" key="ShowUsagesActions.dimensionServiceKey/0.31.3008.1661" timestamp="1765355031225" />
    <state width="1017" height="175" key="ShowUsagesActions.dimensionServiceKey/0.34.1512.948" timestamp="1765881106839" />
    <state x="756" y="485" width="1000" height="813" key="WELCOME_SCREEN" timestamp="1765883641601">
      <screen x="0" y="34" width="1512" height="948" />
    </state>
    <state x="1504" y="746" width="1200" height="975" key="WELCOME_SCREEN/0.31.3008.1661" timestamp="1765351276562" />
    <state x="756" y="485" width="1000" height="813" key="WELCOME_SCREEN/0.34.1512.948" timestamp="1765883641601" />
  </component>
</application>