<list display="View">
  <action id="QuickList.$Separator$" />
  <action id="QuickImplementations" />
  <action id="QuickJavaDoc" />
  <action id="QuickTypeDefinition" />
  <action id="ExpressionTypeInfo" />
  <action id="ParameterInfo" />
  <action id="ShowErrorDescription" />
  <action id="QuickList.$Separator$" />
  <action id="JumpToLastChange" />
  <action id="JumpToNextChange" />
  <action id="PreviousOccurence" />
  <action id="NextOccurence" />
  <action id="MethodDown" />
  <action id="MethodUp" />
  <action id="EditorMatchBrace" />
  <action id="QuickList.$Separator$" />
  <action id="CallHierarchy" />
  <action id="TypeHierarchy" />
  <action id="QuickList.$Separator$" />
  <action id="GotoTest" />
  <action id="ShowFilePath" />
  <action id="FileStructurePopup" />
  <action id="GotoRelated" />
</list>