<list display="Windows">
  <action id="JumpToLastWindow" />
  <action id="HideActiveWindow" />
  <action id="QuickList.$Separator$" />
  <action id="HideAllWindows" />
  <action id="HideSideWindows" />
  <action id="QuickList.$Separator$" />
  <action id="CloseActiveTab" />
  <action id="CloseAllToTheLeft" />
  <action id="CloseAllToTheRight" />
  <action id="CloseAllEditorsButActive" />
  <action id="CloseAllEditors" />
  <action id="QuickList.$Separator$" />
  <action id="SplitVertically" />
  <action id="MoveTabRight" />
  <action id="Unsplit" />
  <action id="UnsplitAll" />
</list>