<application>
  <component name="LocalDatabaseDriverManager" version="201">
    <driver id="postgresql">
      <artifact id="PostgreSQL" name="PostgreSQL" use="true" version="42.7.3" />
    </driver>
    <driver id="postgresql.aws_wrapper">
      <artifact id="AWS JDBC Wrapper for PostgreSQL" name="AWS JDBC Wrapper for PostgreSQL" use="true" version="2.5.2" />
    </driver>
    <driver id="snowflake">
      <artifact id="Snowflake" name="Snowflake" use="true" version="3.27.0" />
      <artifact id="jna-platform" name="jna-platform" use="true" version="5.13.0" />
    </driver>
  </component>
</application>