<application>
  <component name="LineMarkerSettings">
    <option name="providers">
      <map>
        <entry key="CdiDisposerMethodsClassAnnotator" value="true" />
        <entry key="CdiInjectionsClassAnnotator" value="true" />
        <entry key="ConfigurationPropertyRelatedItemLineMarkerProvider" value="true" />
        <entry key="GrpcRunRequestGutterProvider" value="true" />
        <entry key="LiveBeansClassLineMarkerProvider" value="true" />
        <entry key="LiveBeansDomLineMarkerProvider" value="true" />
        <entry key="MessageHandlerLineMarkerProvider" value="true" />
        <entry key="MnCacheableLineMarker" value="true" />
        <entry key="ModelDependenciesLineMarkerProviderXml" value="true" />
        <entry key="PbCodeImplementationLineMarkerProvider" value="true" />
        <entry key="QsCacheLineMarker" value="true" />
        <entry key="QsScheduledTasksLineMarker" value="true" />
        <entry key="RSOpenInHttpClientLineMarkerProvider" value="true" />
        <entry key="RenderedDoc" value="true" />
        <entry key="RetrofitOpenInHttpClientLineMarkerProvider" value="true" />
        <entry key="RuntimeConditionLineMarkerProvider" value="true" />
        <entry key="SpringAopAnnotator" value="true" />
        <entry key="SpringAutowiredAnnotator" value="true" />
        <entry key="SpringBeanAnnotator" value="true" />
        <entry key="SpringCacheableAnnotator" value="true" />
        <entry key="SpringDataProjectionAnnotator" value="true" />
        <entry key="SpringDataRepositoryAnnotator" value="true" />
        <entry key="SpringDataRunMongoQueryLineMarkerProvider" value="true" />
        <entry key="SpringDataRunQueryLineMarkerProvider" value="true" />
        <entry key="SpringDomAnnotator" value="true" />
        <entry key="SpringEventListenerAnnotator" value="true" />
        <entry key="SpringMQLineMarkerProvider" value="true" />
        <entry key="SpringMvcRequestMappingLineMarkerProvider" value="true" />
        <entry key="SpringMvcRequestMappingRelatedItemLineMarkerProvider" value="true" />
        <entry key="SpringPropertiesAnnotator" value="true" />
        <entry key="SpringScheduledTasksLineMarker" value="true" />
        <entry key="SpringSpiRegistrationAnnotator" value="true" />
        <entry key="SpringTestConfigurationAnnotator" value="true" />
        <entry key="SpringTestingBeansInjectAnnotator" value="true" />
        <entry key="com.intellij.aop.jam.AopUastAnnotator" value="true" />
        <entry key="com.intellij.clouds.docker.gateway.ideSettings.DevcontainerAddSettingsMarkerProvider" value="true" />
        <entry key="com.intellij.codeInsight.ExternalAnnotationLineMarkerProvider" value="true" />
        <entry key="com.intellij.codeInsight.InferredContractAnnotationsLineMarkerProvider" value="false" />
        <entry key="com.intellij.codeInsight.InferredNullabilityAnnotationsLineMarkerProvider" value="true" />
        <entry key="com.intellij.codeInsight.daemon.impl.IconLineMarkerProvider" value="true" />
        <entry key="com.intellij.codeInsight.daemon.impl.RecursiveCallLineMarkerProvider" value="true" />
        <entry key="com.intellij.compose.ide.plugin.k2.K2ComposeColorLineMarkerProviderDescriptor" value="true" />
        <entry key="com.intellij.execution.lineMarker.RunLineMarkerProvider" value="true" />
        <entry key="com.intellij.httpClient.http.request.codeInsight.HttpClientOverrideLineMarkerProvider" value="true" />
        <entry key="com.intellij.httpClient.http.request.codeInsight.HttpRequestDiffLineMarkerProvider" value="true" />
        <entry key="com.intellij.httpClient.http.request.environment.codeinsight.HttpRequestEnvironmentSetSecretLineMarkerProvider" value="true" />
        <entry key="com.intellij.httpClient.http.request.microservices.endpoints.EmbeddedHttpClientEditorRunLineMarkerProvider" value="true" />
        <entry key="com.intellij.javaee.application.JavaeeAppConfigLineMarkerProvider" value="true" />
        <entry key="com.intellij.jpa.highlighting.JpaClassLineMarkerProvider" value="true" />
        <entry key="com.intellij.jpa.highlighting.JpaConfigLineMarkerProvider" value="true" />
        <entry key="com.intellij.kubernetes.helm.HelmRepositoryAnnotator" value="true" />
        <entry key="com.intellij.kubernetes.helm.ValueOverrideAnnotator" value="true" />
        <entry key="com.intellij.kubernetes.references.LabelContainerAnnotator" value="true" />
        <entry key="com.intellij.lang.javascript.highlighting.JSRecursiveCallLineMarkerProvider" value="true" />
        <entry key="com.intellij.lang.javascript.highlighting.TypeScriptSourceMappingLineMarkerProvider" value="false" />
        <entry key="com.intellij.micronaut.config.datasource.MnPropertiesConfigDatasourceLineMarkerProvider" value="true" />
        <entry key="com.intellij.micronaut.config.yaml.datasource.MnYamlConfigDatasourceLineMarkerProvider" value="true" />
        <entry key="com.intellij.micronaut.data.mongodb.MnDataMongoDbLineMarkerProvider" value="true" />
        <entry key="com.intellij.micronaut.provider.beans.MnBeansLineMarkers" value="true" />
        <entry key="com.intellij.micronaut.provider.beans.MnEventsLineMarkers" value="true" />
        <entry key="com.intellij.micronaut.provider.http.MnHttpLineMarkers" value="true" />
        <entry key="com.intellij.micronaut.provider.management.MnManagementLineMarkers" value="true" />
        <entry key="com.intellij.micronaut.provider.mq.MnMqLineMarkerProvider" value="true" />
        <entry key="com.intellij.micronaut.provider.websocket.MnWebSocketLineMarkers" value="true" />
        <entry key="com.intellij.ml.llm.sql.formatting.SqlAiFormatGutterExt" value="true" />
        <entry key="com.intellij.openapi.vcs.changes.ignore.codeInsight.IgnoreDirectoryMarkerProvider" value="true" />
        <entry key="com.intellij.protobuf.jvm.gutter.PbJavaLineMarkerProvider" value="true" />
        <entry key="com.intellij.quarkus.config.datasource.QsPropertiesConfigDatasourceLineMarkerProvider" value="true" />
        <entry key="com.intellij.quarkus.config.yaml.datasource.QsYamlConfigDatasourceLineMarkerProvider" value="true" />
        <entry key="com.intellij.reactbuddy.editor.linemarker.ReactEditorShowInPreviewLineMarker" value="true" />
        <entry key="com.intellij.reactbuddy.editor.linemarker.ReactHandlerLineMarker" value="true" />
        <entry key="com.intellij.reactbuddy.editor.linemarker.ReactHooksLineMarker" value="true" />
        <entry key="com.intellij.spring.boot.data.aot.SpringBootAotRepositoryMethodLineMarkerProvider" value="true" />
        <entry key="com.intellij.spring.boot.properties.datasource.SpringBootPropertiesConfigDatasourceLineMarkerProvider" value="true" />
        <entry key="com.intellij.spring.boot.yaml.datasource.SpringBootYamlConfigDatasourceLineMarkerProvider" value="true" />
        <entry key="com.intellij.spring.data.jdbc.SpringDataJdbcEntityLineMarkerProvider" value="true" />
        <entry key="com.intellij.spring.data.mongoDB.SpringDataMongoDbLineMarkerProvider" value="true" />
        <entry key="com.intellij.sql.editor.SqlRecursiveCallLineMakerProvider" value="true" />
        <entry key="com.intellij.ui.ColorLineMarkerProvider" value="true" />
        <entry key="com.intellij.vcs.github.ultimate.action.branding.BrandingColorLineMarkerProvider" value="true" />
        <entry key="com.intellij.vcs.github.ultimate.action.branding.BrandingIconLineMarkerProvider" value="true" />
        <entry key="com.intellij.vcs.github.ultimate.features.action.branding.BrandingColorLineMarkerProvider" value="true" />
        <entry key="com.intellij.vcs.github.ultimate.features.action.branding.BrandingIconLineMarkerProvider" value="true" />
        <entry key="java.implemented" value="false" />
        <entry key="java.implementing" value="false" />
        <entry key="java.lambda" value="false" />
        <entry key="java.overridden" value="true" />
        <entry key="java.overriding" value="true" />
        <entry key="java.service" value="true" />
        <entry key="java.sibling.inherited" value="true" />
        <entry key="js.implemented" value="false" />
        <entry key="js.implementing" value="false" />
        <entry key="js.overridden" value="false" />
        <entry key="js.overriding" value="false" />
        <entry key="kotlin.actual" value="true" />
        <entry key="kotlin.dsl" value="true" />
        <entry key="kotlin.expect" value="true" />
        <entry key="kotlin.implemented" value="true" />
        <entry key="kotlin.implementing" value="true" />
        <entry key="kotlin.overridden" value="true" />
        <entry key="kotlin.overriding" value="true" />
        <entry key="kotlin.recursive" value="true" />
        <entry key="org.editorconfig.configmanagement.editor.EditorConfigPreviewMarkerProvider" value="true" />
        <entry key="org.intellij.plugins.markdown.extensions.common.plantuml.PlantUMLCodeFenceDownloadLineMarkerProvider" value="true" />
        <entry key="org.intellij.plugins.markdown.images.editor.ConfigureHtmlImageLineMarkerProvider" value="true" />
        <entry key="org.intellij.plugins.markdown.images.editor.ConfigureMarkdownImageLineMarkerProvider" value="true" />
        <entry key="org.intellij.plugins.markdown.images.editor.ConfigureTextHtmlImageLineMarkerProvider" value="true" />
      </map>
    </option>
  </component>
</application>