<application>
  <component name="GeneralSettings">
    <option name="reopenLastProject" value="false" />
    <option name="autoSaveFiles" value="false" />
    <option name="confirmExit" value="false" />
    <option name="confirmOpenNewProject2" value="0" />
    <option name="processCloseConfirmation" value="TERMINATE" />
  </component>
  <component name="Registry">
    <entry key="moved.to.new.ui" value="true" source="SYSTEM" />
    <entry key="ide.experimental.ui" value="true" source="SYSTEM" />
    <entry key="jetbrains.security.package-checker.enableNpmTransitiveDependencies" value="false" source="SYSTEM" />
    <entry key="llm.jcp.analytics.endpoint.url" value="https://api.jetbrains.cloud/analytics/events/push" source="MANAGER" />
    <entry key="editor.distraction.free.mode" value="true" source="SYSTEM" />
  </component>
</application>