<application>
  <component name="ProjectManager">
    <defaultProject>
      <component name="ProjectViewState">
        <option name="autoscrollFromSource" value="true" />
        <option name="hideEmptyMiddlePackages" value="true" />
        <option name="openDirectoriesWithSingleClick" value="true" />
        <option name="showExcludedFiles" value="false" />
        <option name="showLibraryContents" value="true" />
        <option name="showScratchesAndConsoles" value="false" />
      </component>
      <component name="PropertiesComponent">{}</component>
      <component name="WindowStateProjectService">
        <state x="256" y="44" key="#Plugins" timestamp="1765909560447">
          <screen x="0" y="33" width="1512" height="949" />
        </state>
        <state x="256" y="44" key="#Plugins/0.33.1512.949" timestamp="1765909560447" />
      </component>
    </defaultProject>
  </component>
</application>