<application>
  <component name="Trusted.Paths">
    <option name="TRUSTED_PROJECT_PATHS">
      <map>
        <entry key="$USER_HOME$/Finaloop/finaloop" value="true" />
        <entry key="$USER_HOME$/Finaloop/finaloop-app" value="true" />
        <entry key="$USER_HOME$/Finaloop/finaloop-app/libs/domains" value="true" />
        <entry key="$USER_HOME$/Finaloop/finaloop-app2" value="true" />
        <entry key="$USER_HOME$/Finaloop/services" value="true" />
      </map>
    </option>
  </component>
  <component name="Trusted.Paths.Settings">
    <option name="TRUSTED_PATHS">
      <list>
        <option value="$USER_HOME$/Finaloop" />
      </list>
    </option>
  </component>
</application>