<application>
  <component name="Vcs.Log.App.Settings">
    <option name="COLUMN_ID_ORDER">
      <list>
        <option value="Default.Root" />
        <option value="Default.Subject" />
        <option value="Default.Author" />
        <option value="Default.Date" />
        <option value="Space.CommitStatus" />
      </list>
    </option>
  </component>
  <component name="VcsApplicationSettings">
    <option name="CREATE_CHANGELISTS_AUTOMATICALLY" value="true" />
  </component>
</application>