<application>
  <component name="DimensionService">
    <size key="GridCell.Tab.0.left.0.0.3024.1964@240dpi" width="2976" height="672" />
    <size key="GridCell.Tab.0.center.0.0.3024.1964@240dpi" width="2976" height="672" />
    <size key="GridCell.Tab.0.right.0.0.3024.1964@240dpi" width="2976" height="672" />
    <size key="GridCell.Tab.0.bottom.0.0.3024.1964@240dpi" width="2976" height="672" />
  </component>
  <component name="WindowManager">
    <frame x="8" y="41" width="1496" height="933" />
  </component>
  <component name="WindowStateApplicationService">
    <state x="756" y="485" width="1000" height="814" key="WELCOME_SCREEN" timestamp="1765911224351">
      <screen x="0" y="33" width="1512" height="949" />
    </state>
    <state x="756" y="485" width="1000" height="814" key="WELCOME_SCREEN/0.33.1512.949" timestamp="1765911224351" />
    <state x="756" y="485" width="1000" height="813" key="WELCOME_SCREEN/0.34.1512.948" timestamp="1765907024164" />
  </component>
</application>