<application>
  <component name="DimensionService">
    <location key="find.popup.0.0.3024.1964@240dpi" x="976" y="134" />
    <location key="find.popup.0.0.6016.3384@240dpi" x="1942" y="178" />
    <size key="GridCell.Tab.0.left.0.0.3024.1964@240dpi" width="2976" height="702" />
    <size key="GridCell.Tab.0.center.0.0.3024.1964@240dpi" width="2976" height="702" />
    <size key="GridCell.Tab.0.right.0.0.3024.1964@240dpi" width="2976" height="702" />
    <size key="GridCell.Tab.0.bottom.0.0.3024.1964@240dpi" width="2976" height="702" />
    <size key="GridCell.Tab.1.left.0.0.3024.1964@240dpi" width="2078" height="546" />
    <size key="GridCell.Tab.1.center.0.0.3024.1964@240dpi" width="2078" height="546" />
    <size key="GridCell.Tab.1.right.0.0.3024.1964@240dpi" width="2078" height="546" />
    <size key="GridCell.Tab.1.bottom.0.0.3024.1964@240dpi" width="2078" height="546" />
    <size key="find.popup.0.0.3024.1964@240dpi" width="1564" height="1830" />
    <size key="GridCell.Tab.0.left.0.0.6016.3384@240dpi" width="5968" height="1312" />
    <size key="GridCell.Tab.0.center.0.0.6016.3384@240dpi" width="5968" height="1312" />
    <size key="GridCell.Tab.0.right.0.0.6016.3384@240dpi" width="5968" height="1312" />
    <size key="GridCell.Tab.0.bottom.0.0.6016.3384@240dpi" width="5968" height="1312" />
    <size key="find.popup.0.0.6016.3384@240dpi" width="3112" height="3206" />
  </component>
  <component name="WindowManager">
    <frame x="8" y="38" width="2992" height="1646" />
  </component>
  <component name="WindowStateApplicationService">
    <state width="1352" height="564" key="ShowUsagesActions.dimensionServiceKey" timestamp="1766146616282">
      <screen x="0" y="30" width="3008" height="1662" />
    </state>
    <state width="1352" height="564" key="ShowUsagesActions.dimensionServiceKey/0.30.3008.1662" timestamp="1766146616282" />
    <state x="1504" y="821" width="1990" height="1426" key="WELCOME_SCREEN" timestamp="1765998334630">
      <screen x="0" y="30" width="3008" height="1662" />
    </state>
    <state x="1504" y="821" width="1990" height="1426" key="WELCOME_SCREEN/0.30.3008.1662" timestamp="1765998334630" />
    <state x="756" y="485" width="1000" height="814" key="WELCOME_SCREEN/0.33.1512.949" timestamp="1765911224351" />
    <state x="756" y="485" width="1000" height="813" key="WELCOME_SCREEN/0.34.1512.948" timestamp="1765907024164" />
  </component>
</application>