<keymap version="1" name="macOS - personal" parent="Mac OS X 10.5+">
  <action id="AIAssistant.ToolWindow.NewChatAction">
    <keyboard-shortcut first-keystroke="meta n" />
  </action>
  <action id="AIAssistant.ToolWindow.NewChatActionAlt">
    <keyboard-shortcut first-keystroke="meta n" />
  </action>
  <action id="AceAction">
    <keyboard-shortcut first-keystroke="ctrl semicolon" />
  </action>
  <action id="ActivateAIAssistantToolWindow">
    <keyboard-shortcut first-keystroke="alt i" />
    <keyboard-shortcut first-keystroke="meta i" />
  </action>
  <action id="ActivateDatabaseToolWindow">
    <keyboard-shortcut first-keystroke="alt d" />
  </action>
  <action id="ActivateElectroJunToolWindowToolWindow">
    <keyboard-shortcut first-keystroke="meta j" />
  </action>
  <action id="CodeCompletion">
    <keyboard-shortcut first-keystroke="alt back_slash" />
  </action>
  <action id="CodeInspection.OnEditor" />
  <action id="DatabaseView.PropertiesAction" />
  <action id="Generate.Missing.Members.ES6" />
  <action id="Generate.Missing.Members.TypeScript" />
  <action id="Git.Branches">
    <keyboard-shortcut first-keystroke="alt g" />
  </action>
  <action id="GotoUrlAction" />
  <action id="Images.Editor.ToggleGrid" />
  <action id="ImplementMethods" />
  <action id="InsertLiveTemplate" />
  <action id="MaximizeToolWindow" />
  <action id="QuickList.Code">
    <keyboard-shortcut first-keystroke="meta quote" />
  </action>
  <action id="QuickList.Run">
    <keyboard-shortcut first-keystroke="shift meta quote" />
  </action>
  <action id="QuickList.View">
    <keyboard-shortcut first-keystroke="meta semicolon" />
  </action>
  <action id="QuickList.Windows">
    <keyboard-shortcut first-keystroke="shift meta back_slash" />
  </action>
  <action id="ShowProjectStructureSettings" />
  <action id="SmartTypeCompletion">
    <keyboard-shortcut first-keystroke="meta alt back_slash" />
  </action>
  <action id="Terminal.ClearPrompt" />
  <action id="Uml.NewElement">
    <keyboard-shortcut first-keystroke="meta n" />
  </action>
  <action id="UsageFiltering.Imports" />
  <action id="copilot.chat.inline" />
  <action id="copilot.disposeInlays" />
  <action id="copilot.requestCompletions" />
  <action id="org.intellij.plugins.markdown.ui.actions.styling.ToggleItalicAction" />
</keymap>