<keymap version="1" name="V Maps" parent="Mac OS X 10.5+">
  <action id="AIAssistant.Editor.AskAiAssistantInEditor">
    <keyboard-shortcut first-keystroke="meta m" />
  </action>
  <action id="ActivateAIAssistantToolWindow">
    <keyboard-shortcut first-keystroke="meta alt i" />
  </action>
  <action id="ActivateElectroJunToolWindowToolWindow">
    <keyboard-shortcut first-keystroke="meta alt j" />
  </action>
  <action id="CallInlineCompletionAction">
    <keyboard-shortcut first-keystroke="alt k" />
  </action>
  <action id="ChangesView.UnshelveSilently" />
  <action id="ExpressionTypeInfo">
    <keyboard-shortcut first-keystroke="shift alt t" />
  </action>
  <action id="FindUsages">
    <keyboard-shortcut first-keystroke="shift alt s" />
  </action>
  <action id="Frontend.ChangesView.UnshelveSilently" />
  <action id="Git.Branches">
    <keyboard-shortcut first-keystroke="ctrl alt v" />
  </action>
  <action id="GotoClass" />
  <action id="GotoFile">
    <keyboard-shortcut first-keystroke="meta o" />
  </action>
  <action id="HideAllWindows">
    <keyboard-shortcut first-keystroke="meta back_slash" />
  </action>
  <action id="HighlightUsagesInFile" />
  <action id="JumpToLastWindow">
    <keyboard-shortcut first-keystroke="alt back_slash" />
  </action>
  <action id="MinimizeCurrentWindow" />
  <action id="QuickImplementations">
    <keyboard-shortcut first-keystroke="alt d" />
  </action>
  <action id="QuickJavaDoc">
    <keyboard-shortcut first-keystroke="shift alt d" />
  </action>
  <action id="QuickTypeDefinition">
    <keyboard-shortcut first-keystroke="alt t" />
  </action>
  <action id="ShowBookmarks">
    <keyboard-shortcut first-keystroke="meta quote" />
  </action>
  <action id="ShowRecentFindUsagesGroup">
    <keyboard-shortcut first-keystroke="ctrl alt s" />
  </action>
  <action id="ShowUmlDiagramPopup" />
  <action id="ShowUsages">
    <keyboard-shortcut first-keystroke="alt s" />
  </action>
  <action id="SmartTypeCompletion">
    <keyboard-shortcut first-keystroke="alt j" />
  </action>
  <action id="SurroundWith">
    <keyboard-shortcut first-keystroke="ctrl alt t" />
  </action>
  <action id="SurroundWithLiveTemplate" />
  <action id="Terminal.GenerateCommandFromText">
    <keyboard-shortcut first-keystroke="meta m" />
  </action>
  <action id="TextSearchAction">
    <keyboard-shortcut first-keystroke="ctrl meta alt o" />
  </action>
  <action id="ToggleBookmark">
    <keyboard-shortcut first-keystroke="alt quote" />
  </action>
  <action id="ToggleBookmarkWithMnemonic">
    <keyboard-shortcut first-keystroke="shift alt quote" />
  </action>
  <action id="Unwrap">
    <keyboard-shortcut first-keystroke="ctrl meta t" />
  </action>
  <action id="Vcs.QuickListPopupAction">
    <keyboard-shortcut first-keystroke="ctrl meta alt v" />
  </action>
  <action id="hg4idea.QFold" />
  <action id="tasks.switch" />
</keymap>